Arnold,Rice,Dwight5@hotmail.com,Sun Dec 29 2019 18:14:29 GMT-0800 (Pacific Standard Time),https://s3.amazonaws.com/uifaces/faces/twitter/thatonetommy/128.jpg,Jacksonton,Oklahoma,0
Louisa,Barton,Luz_Marquardt@yahoo.com,Sun Dec 29 2019 21:59:21 GMT-0800 (Pacific Standard Time),https://s3.amazonaws.com/uifaces/faces/twitter/linux29/128.jpg,Gloverside,Kansas,0
Cheyanne,Schimmel,Lou85@yahoo.com,Mon Dec 30 2019 01:06:37 GMT-0800 (Pacific Standard Time),https://s3.amazonaws.com/uifaces/faces/twitter/hanna_smi/128.jpg,South Modestohaven,West Virginia,0
Carmel,Kuvalis,Stacey69@yahoo.com,Mon Dec 30 2019 01:45:17 GMT-0800 (Pacific Standard Time),https://s3.amazonaws.com/uifaces/faces/twitter/karsh/128.jpg,Dickinsonshire,Maryland,0
Everardo,Dickens,Natalia_Stroman22@yahoo.com,Sun Dec 29 2019 19:06:16 GMT-0800 (Pacific Standard Time),https://s3.amazonaws.com/uifaces/faces/twitter/haydn_woods/128.jpg,East Brianne,Virginia,0
Reanna,Rutherford,Katharina_Greenfelder18@gmail.com,Sun Dec 29 2019 20:08:10 GMT-0800 (Pacific Standard Time),https://s3.amazonaws.com/uifaces/faces/twitter/michzen/128.jpg,Karsonberg,Idaho,0
Jaren,Schowalter,Jesus.Hilll83@gmail.com,Sun Dec 29 2019 22:59:03 GMT-0800 (Pacific Standard Time),https://s3.amazonaws.com/uifaces/faces/twitter/falling_soul/128.jpg,Theoville,Arizona,0
Willa,Pouros,Kathryne_Graham70@gmail.com,Mon Dec 30 2019 13:46:51 GMT-0800 (Pacific Standard Time),https://s3.amazonaws.com/uifaces/faces/twitter/victordeanda/128.jpg,West Dashawn,Minnesota,0
Ford,Simonis,Olaf_Ritchie@hotmail.com,Mon Dec 30 2019 01:34:34 GMT-0800 (Pacific Standard Time),https://s3.amazonaws.com/uifaces/faces/twitter/michaelcomiskey/128.jpg,Garlandtown,New Mexico,0
Austen,Emmerich,Concepcion11@gmail.com,Sun Dec 29 2019 18:10:08 GMT-0800 (Pacific Standard Time),https://s3.amazonaws.com/uifaces/faces/twitter/xamorep/128.jpg,Harmonmouth,Nevada,0
