1,Jennifer,Nolan,Kirsten.OConner46@yahoo.com,Fri Jan 03 2020 10:49:18 GMT-0800 (Pacific Standard Time),https://s3.amazonaws.com/uifaces/faces/twitter/saschadroste/128.jpg,Kuhicmouth,Oklahoma
2,Kaci,Ziemann,Edwina.Wehner@hotmail.com,Thu Jan 02 2020 19:08:02 GMT-0800 (Pacific Standard Time),https://s3.amazonaws.com/uifaces/faces/twitter/salleedesign/128.jpg,Bergeborough,Pennsylvania
3,Jeanie,Krajcik,Aaron.Ruecker33@gmail.com,Fri Jan 03 2020 14:45:05 GMT-0800 (Pacific Standard Time),https://s3.amazonaws.com/uifaces/faces/twitter/felipeapiress/128.jpg,New Harmony,South Carolina
4,Flavie,Harvey,Nelson_Dietrich22@yahoo.com,Fri Jan 03 2020 01:39:19 GMT-0800 (Pacific Standard Time),https://s3.amazonaws.com/uifaces/faces/twitter/michaelkoper/128.jpg,Okunevatown,Colorado
5,Lionel,Eichmann,Willard_Tremblay26@hotmail.com,Fri Jan 03 2020 07:00:28 GMT-0800 (Pacific Standard Time),https://s3.amazonaws.com/uifaces/faces/twitter/koridhandy/128.jpg,Dooleyborough,Virginia
6,Serena,Heathcote,Ruthe.Carroll@gmail.com,Fri Jan 03 2020 06:38:28 GMT-0800 (Pacific Standard Time),https://s3.amazonaws.com/uifaces/faces/twitter/marshallchen_/128.jpg,Lake Bernadine,Nevada
7,Lawson,Bahringer,Enola18@hotmail.com,Fri Jan 03 2020 08:43:10 GMT-0800 (Pacific Standard Time),https://s3.amazonaws.com/uifaces/faces/twitter/angelcolberg/128.jpg,Kovacekhaven,South Dakota
8,Carrie,Robel,Breana_Robel47@gmail.com,Fri Jan 03 2020 01:29:03 GMT-0800 (Pacific Standard Time),https://s3.amazonaws.com/uifaces/faces/twitter/elenadissi/128.jpg,Konopelskiside,Minnesota
9,Felipa,McDermott,Julius.Fadel@gmail.com,Thu Jan 02 2020 23:21:03 GMT-0800 (Pacific Standard Time),https://s3.amazonaws.com/uifaces/faces/twitter/adrienths/128.jpg,Ebbaview,Washington
10,Ed,Jaskolski,Timothy.Auer@gmail.com,Fri Jan 03 2020 08:13:03 GMT-0800 (Pacific Standard Time),https://s3.amazonaws.com/uifaces/faces/twitter/malykhinv/128.jpg,Huelschester,Vermont
